"iso","umd_tree_cover_extent_2000__ha","area__ha"
"RWA",53730.72965375784014981,53780.76488198055798981
