"iso","umd_tree_cover_extent_2000__ha","area__ha"
"IDN",93837980.89189148069531512,93872257.80225317219596262
