"iso","umd_tree_cover_extent_2000__ha","area__ha"
"BRA",519187508.44570542796295615,850035649.73938153747766128
