"iso","umd_tree_cover_extent_2000__ha","area__ha"
"PER",69125435.45446339578903429,69170713.83945436285048069
